{"cameraMode":{"drawMode":0,"name":"Shaded","section":"Shading Mode"},"sceneLighting":true,"audioPlay":false,"sceneViewState":{"m_AlwaysRefresh":false,"showFog":true,"showSkybox":true,"showFlares":true,"showImageEffects":true,"showParticleSystems":true,"showVisualEffectGraphs":true,"m_FxEnabled":true},"in2DMode":false,"pivot":{"x":0.545806884765625,"y":-0.610051155090332,"z":-3.7900218963623049},"rotation":{"x":-0.34892964363098147,"y":0.051984746009111407,"z":-0.019381577149033548,"w":-0.9355100989341736},"size":7.018202781677246,"orthographic":false}