{"cameraMode":{"drawMode":0,"name":"Shaded","section":"Shading Mode"},"sceneLighting":true,"audioPlay":false,"sceneViewState":{"m_AlwaysRefresh":false,"showFog":true,"showSkybox":true,"showFlares":true,"showImageEffects":true,"showParticleSystems":true,"showVisualEffectGraphs":true,"m_FxEnabled":true},"in2DMode":false,"pivot":{"x":0.13463866710662843,"y":4.366874694824219,"z":-1.3544158935546876},"rotation":{"x":-0.09642098098993302,"y":0.025379527360200883,"z":0.0024482703302055599,"w":0.9950211644172669},"size":4.55872106552124,"orthographic":false}