{"cameraMode":{"drawMode":0,"name":"Shaded","section":"Shading Mode"},"sceneLighting":true,"audioPlay":false,"sceneViewState":{"m_AlwaysRefresh":false,"showFog":true,"showSkybox":true,"showFlares":true,"showImageEffects":true,"showParticleSystems":true,"showVisualEffectGraphs":true,"m_FxEnabled":true},"in2DMode":false,"pivot":{"x":-21.947349548339845,"y":8.055047988891602,"z":-14.937923431396485},"rotation":{"x":0.09982465952634812,"y":-0.09982465207576752,"z":0.010066292248666287,"w":0.9899337291717529},"size":12.12435531616211,"orthographic":false}