{"cameraMode":{"drawMode":0,"name":"Shaded","section":"Shading Mode"},"sceneLighting":true,"audioPlay":false,"sceneViewState":{"m_AlwaysRefresh":false,"showFog":true,"showSkybox":true,"showFlares":true,"showImageEffects":true,"showParticleSystems":true,"showVisualEffectGraphs":true,"m_FxEnabled":true},"in2DMode":false,"pivot":{"x":60.48833084106445,"y":138.06092834472657,"z":82.57644653320313},"rotation":{"x":0.2117917388677597,"y":-0.13148054480552674,"z":0.028766535222530366,"w":0.9680033922195435},"size":16.94002342224121,"orthographic":false}