{"cameraMode":{"drawMode":0,"name":"Shaded","section":"Shading Mode"},"sceneLighting":true,"audioPlay":false,"sceneViewState":{"m_AlwaysRefresh":false,"showFog":true,"showSkybox":true,"showFlares":true,"showImageEffects":true,"showParticleSystems":true,"showVisualEffectGraphs":true,"m_FxEnabled":true},"in2DMode":false,"pivot":{"x":0.962704062461853,"y":2.356126546859741,"z":1.1007423400878907},"rotation":{"x":0.0023958722595125438,"y":-0.022198386490345,"z":0.000054633852414553985,"w":0.9997837543487549},"size":9.245203971862793,"orthographic":false}