{"cameraMode":{"drawMode":0,"name":"Shaded","section":"Shading Mode"},"sceneLighting":true,"audioPlay":false,"sceneViewState":{"m_AlwaysRefresh":false,"showFog":true,"showSkybox":true,"showFlares":true,"showImageEffects":true,"showParticleSystems":true,"showVisualEffectGraphs":true,"m_FxEnabled":true},"in2DMode":false,"pivot":{"x":22.61194610595703,"y":-8.831134796142579,"z":12.983465194702149},"rotation":{"x":0.16559450328350068,"y":0.5094317197799683,"z":-0.10061752796173096,"w":0.8384125232696533},"size":25.545682907104493,"orthographic":false}