{"cameraMode":{"drawMode":0,"name":"Shaded","section":"Shading Mode"},"sceneLighting":true,"audioPlay":false,"sceneViewState":{"m_AlwaysRefresh":false,"showFog":true,"showSkybox":true,"showFlares":true,"showImageEffects":true,"showParticleSystems":true,"showVisualEffectGraphs":true,"m_FxEnabled":true},"in2DMode":false,"pivot":{"x":-0.6551365852355957,"y":0.08880782127380371,"z":3.8000969886779787},"rotation":{"x":0.11621920019388199,"y":-0.09311939775943756,"z":0.010944992303848267,"w":0.9887881278991699},"size":5.180495738983154,"orthographic":false}