{"cameraMode":{"drawMode":0,"name":"Shaded","section":"Shading Mode"},"sceneLighting":true,"audioPlay":false,"sceneViewState":{"m_AlwaysRefresh":false,"showFog":true,"showSkybox":true,"showFlares":true,"showImageEffects":true,"showParticleSystems":true,"showVisualEffectGraphs":true,"m_FxEnabled":true},"in2DMode":false,"pivot":{"x":0.8839340209960938,"y":15.433765411376954,"z":4.593696594238281},"rotation":{"x":0.13465334475040437,"y":0.8085049986839294,"z":-0.20291908085346223,"w":0.5357882976531982},"size":16.623273849487306,"orthographic":false}