{"cameraMode":{"drawMode":0,"name":"Shaded","section":"Shading Mode"},"sceneLighting":true,"audioPlay":false,"sceneViewState":{"m_AlwaysRefresh":false,"showFog":true,"showSkybox":true,"showFlares":true,"showImageEffects":true,"showParticleSystems":true,"showVisualEffectGraphs":true,"m_FxEnabled":true},"in2DMode":false,"pivot":{"x":-0.3400001525878906,"y":1.4600000381469727,"z":-8.210000038146973},"rotation":{"x":-0.04488910734653473,"y":0.06529895961284638,"z":-0.0029387138783931734,"w":-0.9968621134757996},"size":12.12435531616211,"orthographic":false}