{"cameraMode":{"drawMode":0,"name":"Shaded","section":"Shading Mode"},"sceneLighting":true,"audioPlay":false,"sceneViewState":{"m_AlwaysRefresh":false,"showFog":true,"showSkybox":true,"showFlares":true,"showImageEffects":true,"showParticleSystems":true,"showVisualEffectGraphs":true,"m_FxEnabled":true},"in2DMode":false,"pivot":{"x":-1.9475423097610474,"y":2.284266948699951,"z":-7.826469421386719},"rotation":{"x":0.11015009135007858,"y":-0.02087068185210228,"z":0.0023131626658141615,"w":0.9936938881874085},"size":1.8558450937271119,"orthographic":false}