{"cameraMode":{"drawMode":0,"name":"Shaded","section":"Shading Mode"},"sceneLighting":true,"audioPlay":false,"sceneViewState":{"m_AlwaysRefresh":false,"showFog":true,"showSkybox":true,"showFlares":true,"showImageEffects":true,"showParticleSystems":true,"showVisualEffectGraphs":true,"m_FxEnabled":true},"in2DMode":false,"pivot":{"x":-4.562713623046875,"y":7.079136848449707,"z":-1.321624755859375},"rotation":{"x":-0.006111295893788338,"y":-0.9821617007255554,"z":0.032423585653305057,"w":-0.1851288378238678},"size":24.911462783813478,"orthographic":false}