{"cameraMode":{"drawMode":0,"name":"Shaded","section":"Shading Mode"},"sceneLighting":true,"audioPlay":false,"sceneViewState":{"m_AlwaysRefresh":false,"showFog":true,"showSkybox":true,"showFlares":true,"showImageEffects":true,"showParticleSystems":true,"showVisualEffectGraphs":true,"m_FxEnabled":true},"in2DMode":false,"pivot":{"x":0.16063737869262696,"y":18.908607482910158,"z":12.196176528930664},"rotation":{"x":0.12695445120334626,"y":-0.5694667100906372,"z":0.08956457674503327,"w":0.8071982264518738},"size":4.811007499694824,"orthographic":false}