{"cameraMode":{"drawMode":0,"name":"Shaded","section":"Shading Mode"},"sceneLighting":true,"audioPlay":false,"sceneViewState":{"m_AlwaysRefresh":false,"showFog":true,"showSkybox":true,"showFlares":true,"showImageEffects":true,"showParticleSystems":true,"showVisualEffectGraphs":true,"m_FxEnabled":true},"in2DMode":false,"pivot":{"x":1.4774904251098633,"y":-2.810788154602051,"z":0.09947013854980469},"rotation":{"x":-0.35649755597114565,"y":0.24302983283996583,"z":-0.09659205377101898,"w":-0.8969510793685913},"size":7.055295467376709,"orthographic":false}