{"cameraMode":{"drawMode":0,"name":"Shaded","section":"Shading Mode"},"sceneLighting":true,"audioPlay":false,"sceneViewState":{"m_AlwaysRefresh":false,"showFog":true,"showSkybox":true,"showFlares":true,"showImageEffects":true,"showParticleSystems":true,"showVisualEffectGraphs":true,"m_FxEnabled":true},"in2DMode":false,"pivot":{"x":1.7931205034255982,"y":1.4301172494888306,"z":-7.798395156860352},"rotation":{"x":0.020103275775909425,"y":-0.6478085517883301,"z":0.0171047355979681,"w":0.7613465189933777},"size":0.8660253882408142,"orthographic":false}