{"cameraMode":{"drawMode":0,"name":"Shaded","section":"Shading Mode"},"sceneLighting":true,"audioPlay":false,"sceneViewState":{"m_AlwaysRefresh":false,"showFog":true,"showSkybox":true,"showFlares":true,"showImageEffects":true,"showParticleSystems":true,"showVisualEffectGraphs":true,"m_FxEnabled":true},"in2DMode":false,"pivot":{"x":-15.58282470703125,"y":30.603282928466798,"z":-27.325042724609376},"rotation":{"x":0.025128444656729699,"y":0.9731955528259277,"z":-0.13010284304618836,"w":0.187968909740448},"size":109.00723266601563,"orthographic":false}