{"cameraMode":{"drawMode":0,"name":"Shaded","section":"Shading Mode"},"sceneLighting":true,"audioPlay":false,"sceneViewState":{"m_AlwaysRefresh":false,"showFog":true,"showSkybox":true,"showFlares":true,"showImageEffects":true,"showParticleSystems":true,"showVisualEffectGraphs":true,"m_FxEnabled":true},"in2DMode":false,"pivot":{"x":-1.8723857402801514,"y":-1.7265124320983887,"z":7.533888816833496},"rotation":{"x":0.16699598729610444,"y":0.050265006721019748,"z":-0.008511144667863846,"w":0.9846563935279846},"size":10.48826789855957,"orthographic":false}