{"cameraMode":{"drawMode":0,"name":"Shaded","section":"Shading Mode"},"sceneLighting":true,"audioPlay":false,"sceneViewState":{"m_AlwaysRefresh":false,"showFog":true,"showSkybox":true,"showFlares":true,"showImageEffects":true,"showParticleSystems":true,"showVisualEffectGraphs":true,"m_FxEnabled":true},"in2DMode":false,"pivot":{"x":-22.30413246154785,"y":5.179294109344482,"z":1.7146215438842774},"rotation":{"x":-0.012954650446772576,"y":0.5571247935295105,"z":0.008693266659975052,"w":0.8302830457687378},"size":4.647745132446289,"orthographic":false}