{"cameraMode":{"drawMode":0,"name":"Shaded","section":"Shading Mode"},"sceneLighting":true,"audioPlay":false,"sceneViewState":{"m_AlwaysRefresh":false,"showFog":true,"showSkybox":true,"showFlares":true,"showImageEffects":true,"showParticleSystems":true,"showVisualEffectGraphs":true,"m_FxEnabled":true},"in2DMode":false,"pivot":{"x":-2.1609933376312258,"y":1.3791639804840088,"z":2.2218024730682375},"rotation":{"x":-0.052460480481386188,"y":0.024260586127638818,"z":-0.0012748619774356485,"w":-0.9983282089233398},"size":9.866028785705567,"orthographic":false}