{"cameraMode":{"drawMode":0,"name":"Shaded","section":"Shading Mode"},"sceneLighting":true,"audioPlay":false,"sceneViewState":{"m_AlwaysRefresh":false,"showFog":true,"showSkybox":true,"showFlares":true,"showImageEffects":true,"showParticleSystems":true,"showVisualEffectGraphs":true,"m_FxEnabled":true},"in2DMode":false,"pivot":{"x":0.7281622886657715,"y":2.023254156112671,"z":-0.39611148834228518},"rotation":{"x":0.24883867800235749,"y":-0.32885390520095827,"z":0.09026937931776047,"w":0.9065245389938355},"size":2.1367526054382326,"orthographic":false}