{"cameraMode":{"drawMode":0,"name":"Shaded","section":"Shading Mode"},"sceneLighting":false,"audioPlay":false,"sceneViewState":{"m_AlwaysRefresh":false,"showFog":true,"showSkybox":false,"showFlares":true,"showImageEffects":true,"showParticleSystems":true,"showVisualEffectGraphs":true,"m_FxEnabled":true},"in2DMode":false,"pivot":{"x":0.007231488823890686,"y":0.0000010287162695021835,"z":-0.7471107244491577},"rotation":{"x":0.35770049691200259,"y":-0.13518083095550538,"z":0.0524158738553524,"w":0.9225125908851624},"size":0.4756014943122864,"orthographic":false}