{"cameraMode":{"drawMode":0,"name":"Shaded","section":"Shading Mode"},"sceneLighting":false,"audioPlay":false,"sceneViewState":{"m_AlwaysRefresh":false,"showFog":true,"showSkybox":false,"showFlares":true,"showImageEffects":true,"showParticleSystems":true,"showVisualEffectGraphs":true,"m_FxEnabled":true},"in2DMode":false,"pivot":{"x":0.17656660079956056,"y":-1.1769194602966309,"z":4.365772247314453},"rotation":{"x":-0.011986246332526207,"y":0.04767298325896263,"z":-0.0005728831747546792,"w":-0.998796820640564},"size":9.947782516479493,"orthographic":true}