{"cameraMode":{"drawMode":0,"name":"Shaded","section":"Shading Mode"},"sceneLighting":false,"audioPlay":false,"sceneViewState":{"m_AlwaysRefresh":false,"showFog":true,"showSkybox":false,"showFlares":true,"showImageEffects":true,"showParticleSystems":true,"showVisualEffectGraphs":true,"m_FxEnabled":true},"in2DMode":false,"pivot":{"x":22.196117401123048,"y":-29.48394775390625,"z":69.07475280761719},"rotation":{"x":0.22734691202640534,"y":0.14255057275295258,"z":-0.03366265818476677,"w":0.9627358913421631},"size":54.884857177734378,"orthographic":false}