{"cameraMode":{"drawMode":0,"name":"Shaded","section":"Shading Mode"},"sceneLighting":false,"audioPlay":false,"sceneViewState":{"m_AlwaysRefresh":false,"showFog":true,"showSkybox":false,"showFlares":true,"showImageEffects":true,"showParticleSystems":true,"showVisualEffectGraphs":true,"m_FxEnabled":true},"in2DMode":false,"pivot":{"x":-0.08101147413253784,"y":0.14132702350616456,"z":-0.9357602596282959},"rotation":{"x":0.3711198568344116,"y":-0.29679059982299807,"z":0.12649618089199067,"w":0.8707372546195984},"size":0.6401561498641968,"orthographic":false}