{"cameraMode":{"drawMode":0,"name":"Shaded","section":"Shading Mode"},"sceneLighting":false,"audioPlay":false,"sceneViewState":{"m_AlwaysRefresh":false,"showFog":true,"showSkybox":false,"showFlares":true,"showImageEffects":true,"showParticleSystems":true,"showVisualEffectGraphs":true,"m_FxEnabled":true},"in2DMode":false,"pivot":{"x":-11.695289611816407,"y":16.214855194091798,"z":24.222232818603517},"rotation":{"x":0.03916245698928833,"y":0.8436406254768372,"z":-0.062119487673044208,"w":0.5318626761436462},"size":9.871891021728516,"orthographic":false}