{"cameraMode":{"drawMode":0,"name":"Shaded","section":"Shading Mode"},"sceneLighting":false,"audioPlay":false,"sceneViewState":{"m_AlwaysRefresh":false,"showFog":true,"showSkybox":false,"showFlares":true,"showImageEffects":true,"showParticleSystems":true,"showVisualEffectGraphs":true,"m_FxEnabled":true},"in2DMode":false,"pivot":{"x":-21.500301361083986,"y":10.810155868530274,"z":-9.228473663330079},"rotation":{"x":0.13900209963321687,"y":0.6966938376426697,"z":-0.14042745530605317,"w":0.6896204352378845},"size":14.326017379760743,"orthographic":false}