{"cameraMode":{"drawMode":0,"name":"Shaded","section":"Shading Mode"},"sceneLighting":false,"audioPlay":false,"sceneViewState":{"m_AlwaysRefresh":false,"showFog":true,"showSkybox":false,"showFlares":true,"showImageEffects":true,"showParticleSystems":true,"showVisualEffectGraphs":true,"m_FxEnabled":true},"in2DMode":false,"pivot":{"x":0.24564528465270997,"y":2.168058156967163,"z":2.671041488647461},"rotation":{"x":-0.09252293407917023,"y":0.3499898314476013,"z":0.03476308286190033,"w":0.9315274953842163},"size":0.8660253882408142,"orthographic":false}