{"cameraMode":{"drawMode":0,"name":"Shaded","section":"Shading Mode"},"sceneLighting":false,"audioPlay":false,"sceneViewState":{"m_AlwaysRefresh":false,"showFog":true,"showSkybox":false,"showFlares":true,"showImageEffects":true,"showParticleSystems":true,"showVisualEffectGraphs":true,"m_FxEnabled":true},"in2DMode":false,"pivot":{"x":-416.08465576171877,"y":-220.14993286132813,"z":-128.58612060546876},"rotation":{"x":0.36794185638427737,"y":0.2921172082424164,"z":-0.12295480072498322,"w":0.8741678595542908},"size":349.46490478515627,"orthographic":false}