{"cameraMode":{"drawMode":0,"name":"Shaded","section":"Shading Mode"},"sceneLighting":false,"audioPlay":false,"sceneViewState":{"m_AlwaysRefresh":false,"showFog":true,"showSkybox":false,"showFlares":true,"showImageEffects":true,"showParticleSystems":true,"showVisualEffectGraphs":true,"m_FxEnabled":true},"in2DMode":false,"pivot":{"x":35.54746627807617,"y":-3.2777938842773439,"z":-67.9058837890625},"rotation":{"x":0.2098550796508789,"y":0.025807539001107217,"z":-0.005541904829442501,"w":0.9773798584938049},"size":10.142549514770508,"orthographic":false}