{"cameraMode":{"drawMode":0,"name":"Shaded","section":"Shading Mode"},"sceneLighting":true,"audioPlay":false,"sceneViewState":{"m_AlwaysRefresh":false,"showFog":true,"showSkybox":false,"showFlares":true,"showImageEffects":true,"showParticleSystems":true,"showVisualEffectGraphs":true,"m_FxEnabled":true},"in2DMode":false,"pivot":{"x":1.5916838645935059,"y":6.059047222137451,"z":3.4134349822998049},"rotation":{"x":0.17412106692790986,"y":0.4016116261482239,"z":-0.07807113230228424,"w":0.8957085609436035},"size":2.3961620330810549,"orthographic":false}