{"cameraMode":{"drawMode":0,"name":"Shaded","section":"Shading Mode"},"sceneLighting":false,"audioPlay":false,"sceneViewState":{"m_AlwaysRefresh":false,"showFog":true,"showSkybox":false,"showFlares":true,"showImageEffects":true,"showParticleSystems":true,"showVisualEffectGraphs":true,"m_FxEnabled":true},"in2DMode":false,"pivot":{"x":-0.2016221135854721,"y":0.3774501085281372,"z":-1.7747992277145386},"rotation":{"x":0.043358925729990008,"y":0.0763532817363739,"z":-0.003323860000818968,"w":0.9961346387863159},"size":2.291989803314209,"orthographic":false}